StateName,StateAbbrev,DataLevel,Charter,SchoolName,SchoolType,NCESSchoolID,StateAssignedSchoolID,DistrictName,DistrictType,NCESDistrictID,StateAssignedDistrictID,EnrollmentTotal,TimePeriodInterval,TimePeriodStart,TimePeriodEnd,LearningModel,LearningModelGrK5,LearningModelGr68,LearningModelGr912,LearningModelStateCat,LearningModelStateCatGrK5,LearningModelStateCatGr68,LearningModelStateCatGr912,EnrollmentInPerson,EnrollmentHybrid,EnrollmentVirtual,StaffCount,StaffCountInPerson
Delaware,DE,District,Yes,,,,,Academia Antonia Alonso,Charter agency,1000053,9605,612,Monthly,9/1/20,9/30/20,,,,,,,,,,,,,
Delaware,DE,District,Yes,,,,,Academia Antonia Alonso,Charter agency,1000053,9605,612,Monthly,10/1/20,10/31/20,Hybrid,,,,,,,,,298,309,,
Delaware,DE,District,Yes,,,,,Academia Antonia Alonso,Charter agency,1000053,9605,612,Monthly,11/1/20,11/30/20,Hybrid,,,,,,,,,302,305,,
Delaware,DE,District,Yes,,,,,Academia Antonia Alonso,Charter agency,1000053,9605,612,Monthly,12/1/20,12/31/20,Virtual,,,,,,,,,,608,,
Delaware,DE,District,Yes,,,,,Academia Antonia Alonso,Charter agency,1000053,9605,612,Monthly,1/1/21,1/31/21,Virtual,,,,,,,,,,609,,
Delaware,DE,District,Yes,,,,,Academia Antonia Alonso,Charter agency,1000053,9605,612,Monthly,2/1/21,2/28/21,Hybrid,,,,,,,,2,259,348,,
Delaware,DE,District,Yes,,,,,Academia Antonia Alonso,Charter agency,1000053,9605,612,Monthly,3/1/21,3/31/21,Hybrid,,,,,,,,2,259,347,,
Delaware,DE,District,Yes,,,,,Academia Antonia Alonso,Charter agency,1000053,9605,612,Monthly,4/1/21,4/30/21,Hybrid,,,,,,,,2,259,347,,
Delaware,DE,District,Yes,,,,,Academia Antonia Alonso,Charter agency,1000053,9605,612,Monthly,5/1/21,5/31/21,Hybrid,,,,,,,,2,348,259,,
Delaware,DE,District,Yes,,,,,Academia Antonia Alonso,Charter agency,1000053,9605,612,Monthly,6/1/21,6/30/21,Hybrid,,,,,,,,2,348,259,,
Delaware,DE,District,Yes,,,,,Academy of Dover Charter School,Charter agency,1000017,85,329,Monthly,9/1/20,9/30/20,In-person,,,,,,,,162,,98,,
Delaware,DE,District,Yes,,,,,Academy of Dover Charter School,Charter agency,1000017,85,329,Monthly,10/1/20,10/31/20,In-person,,,,,,,,194,,105,,
Delaware,DE,District,Yes,,,,,Academy of Dover Charter School,Charter agency,1000017,85,329,Monthly,11/1/20,11/30/20,In-person,,,,,,,,209,,106,,
Delaware,DE,District,Yes,,,,,Academy of Dover Charter School,Charter agency,1000017,85,329,Monthly,12/1/20,12/31/20,In-person,,,,,,,,216,,109,,
Delaware,DE,District,Yes,,,,,Academy of Dover Charter School,Charter agency,1000017,85,329,Monthly,1/1/21,1/31/21,In-person,,,,,,,,214,,109,,
Delaware,DE,District,Yes,,,,,Academy of Dover Charter School,Charter agency,1000017,85,329,Monthly,2/1/21,2/28/21,In-person,,,,,,,,202,,120,,
Delaware,DE,District,Yes,,,,,Academy of Dover Charter School,Charter agency,1000017,85,329,Monthly,3/1/21,3/31/21,In-person,,,,,,,,202,,122,,
Delaware,DE,District,Yes,,,,,Academy of Dover Charter School,Charter agency,1000017,85,329,Monthly,4/1/21,4/30/21,In-person,,,,,,,,201,,117,,
Delaware,DE,District,Yes,,,,,Academy of Dover Charter School,Charter agency,1000017,85,329,Monthly,5/1/21,5/31/21,In-person,,,,,,,,203,,120,,
Delaware,DE,District,Yes,,,,,Academy of Dover Charter School,Charter agency,1000017,85,329,Monthly,6/1/21,6/30/21,In-person,,,,,,,,203,,120,,
Delaware,DE,District,No,,,,,Appoquinimink School District,Regular local school district,1000080,29,11914,Monthly,9/1/20,9/30/20,,,,,,,,,,,1,,
Delaware,DE,District,No,,,,,Appoquinimink School District,Regular local school district,1000080,29,11914,Monthly,10/1/20,10/31/20,Virtual,,,,,,,,,42,11729,,
Delaware,DE,District,No,,,,,Appoquinimink School District,Regular local school district,1000080,29,11914,Monthly,11/1/20,11/30/20,Hybrid,,,,,,,,171,6292,5483,,
Delaware,DE,District,No,,,,,Appoquinimink School District,Regular local school district,1000080,29,11914,Monthly,12/1/20,12/31/20,Hybrid,,,,,,,,171,6095,5745,,
Delaware,DE,District,No,,,,,Appoquinimink School District,Regular local school district,1000080,29,11914,Monthly,1/1/21,1/31/21,Virtual,,,,,,,,,,12035,,
Delaware,DE,District,No,,,,,Appoquinimink School District,Regular local school district,1000080,29,11914,Monthly,2/1/21,2/28/21,Hybrid,,,,,,,,22,6456,5577,,
Delaware,DE,District,No,,,,,Appoquinimink School District,Regular local school district,1000080,29,11914,Monthly,3/1/21,3/31/21,Hybrid,,,,,,,,23,6346,5567,,
Delaware,DE,District,No,,,,,Appoquinimink School District,Regular local school district,1000080,29,11914,Monthly,4/1/21,4/30/21,Hybrid,,,,,,,,22,7233,4786,,
Delaware,DE,District,No,,,,,Appoquinimink School District,Regular local school district,1000080,29,11914,Monthly,5/1/21,5/31/21,Hybrid,,,,,,,,228,7242,4598,,
Delaware,DE,District,No,,,,,Appoquinimink School District,Regular local school district,1000080,29,11914,Monthly,6/1/21,6/30/21,Hybrid,,,,,,,,236,7298,4588,,
Delaware,DE,District,No,,,,,Brandywine School District,Regular local school district,1001240,31,10405,Monthly,9/1/20,9/30/20,,,,,,,,,,,,,
Delaware,DE,District,No,,,,,Brandywine School District,Regular local school district,1001240,31,10405,Monthly,10/1/20,10/31/20,Virtual,,,,,,,,,,10171,,
Delaware,DE,District,No,,,,,Brandywine School District,Regular local school district,1001240,31,10405,Monthly,11/1/20,11/30/20,,,,,,,,,,97,12,,
Delaware,DE,District,No,,,,,Brandywine School District,Regular local school district,1001240,31,10405,Monthly,12/1/20,12/31/20,Hybrid,,,,,,,,,879,8665,,
Delaware,DE,District,No,,,,,Brandywine School District,Regular local school district,1001240,31,10405,Monthly,1/1/21,1/31/21,Virtual,,,,,,,,,9,9542,,
Delaware,DE,District,No,,,,,Brandywine School District,Regular local school district,1001240,31,10405,Monthly,2/1/21,2/28/21,Hybrid,,,,,,,,,3203,6482,,
Delaware,DE,District,No,,,,,Brandywine School District,Regular local school district,1001240,31,10405,Monthly,3/1/21,3/31/21,Hybrid,,,,,,,,,3207,6464,,
Delaware,DE,District,No,,,,,Brandywine School District,Regular local school district,1001240,31,10405,Monthly,4/1/21,4/30/21,Hybrid,,,,,,,,,3217,6434,,
Delaware,DE,District,No,,,,,Brandywine School District,Regular local school district,1001240,31,10405,Monthly,5/1/21,5/31/21,Hybrid,,,,,,,,14,5804,4182,,
Delaware,DE,District,No,,,,,Brandywine School District,Regular local school district,1001240,31,10405,Monthly,6/1/21,6/30/21,Hybrid,,,,,,,,6,6383,3616,,
Delaware,DE,District,No,,,,,Caesar Rodney School District,Regular local school district,1000180,10,7960,Monthly,9/1/20,9/30/20,,,,,,,,,,,,,
Delaware,DE,District,No,,,,,Caesar Rodney School District,Regular local school district,1000180,10,7960,Monthly,10/1/20,10/31/20,Virtual,,,,,,,,48,9,7855,,
Delaware,DE,District,No,,,,,Caesar Rodney School District,Regular local school district,1000180,10,7960,Monthly,11/1/20,11/30/20,Hybrid,,,,,,,,50,2436,5441,,
Delaware,DE,District,No,,,,,Caesar Rodney School District,Regular local school district,1000180,10,7960,Monthly,12/1/20,12/31/20,Hybrid,,,,,,,,68,4644,3195,,
Delaware,DE,District,No,,,,,Caesar Rodney School District,Regular local school district,1000180,10,7960,Monthly,1/1/21,1/31/21,Hybrid,,,,,,,,68,4677,3192,,
Delaware,DE,District,No,,,,,Caesar Rodney School District,Regular local school district,1000180,10,7960,Monthly,2/1/21,2/28/21,Hybrid,,,,,,,,167,4626,3175,,
Delaware,DE,District,No,,,,,Caesar Rodney School District,Regular local school district,1000180,10,7960,Monthly,3/1/21,3/31/21,Hybrid,,,,,,,,322,4406,3234,,
Delaware,DE,District,No,,,,,Caesar Rodney School District,Regular local school district,1000180,10,7960,Monthly,4/1/21,4/30/21,Hybrid,,,,,,,,408,4281,3262,,
Delaware,DE,District,No,,,,,Caesar Rodney School District,Regular local school district,1000180,10,7960,Monthly,5/1/21,5/31/21,Hybrid,,,,,,,,483,4302,3167,,
Delaware,DE,District,No,,,,,Caesar Rodney School District,Regular local school district,1000180,10,7960,Monthly,6/1/21,6/30/21,Hybrid,,,,,,,,508,4291,3170,,
Delaware,DE,District,Yes,,,,,Campus Community School,Charter agency,1000007,74,413,Monthly,9/1/20,9/30/20,,,,,,,,,,,,,
Delaware,DE,District,Yes,,,,,Campus Community School,Charter agency,1000007,74,413,Monthly,10/1/20,10/31/20,Hybrid,,,,,,,,84,172,153,,
Delaware,DE,District,Yes,,,,,Campus Community School,Charter agency,1000007,74,413,Monthly,11/1/20,11/30/20,Hybrid,,,,,,,,87,173,153,,
Delaware,DE,District,Yes,,,,,Campus Community School,Charter agency,1000007,74,413,Monthly,12/1/20,12/31/20,Hybrid,,,,,,,,87,173,154,,
Delaware,DE,District,Yes,,,,,Campus Community School,Charter agency,1000007,74,413,Monthly,1/1/21,1/31/21,Hybrid,,,,,,,,87,173,153,,
Delaware,DE,District,Yes,,,,,Campus Community School,Charter agency,1000007,74,413,Monthly,2/1/21,2/28/21,Hybrid,,,,,,,,87,172,153,,
Delaware,DE,District,Yes,,,,,Campus Community School,Charter agency,1000007,74,413,Monthly,3/1/21,3/31/21,Hybrid,,,,,,,,87,172,151,,
Delaware,DE,District,Yes,,,,,Campus Community School,Charter agency,1000007,74,413,Monthly,4/1/21,4/30/21,Hybrid,,,,,,,,87,170,150,,
Delaware,DE,District,Yes,,,,,Campus Community School,Charter agency,1000007,74,413,Monthly,5/1/21,5/31/21,Hybrid,,,,,,,,87,170,149,,
Delaware,DE,District,Yes,,,,,Campus Community School,Charter agency,1000007,74,413,Monthly,6/1/21,6/30/21,Hybrid,,,,,,,,87,170,149,,
Delaware,DE,District,No,,,,,Cape Henlopen School District,Regular local school district,1000170,17,5892,Monthly,9/1/20,9/30/20,,,,,,,,,3,,1,,
Delaware,DE,District,No,,,,,Cape Henlopen School District,Regular local school district,1000170,17,5892,Monthly,10/1/20,10/31/20,Hybrid,,,,,,,,1763,1887,2113,,
Delaware,DE,District,No,,,,,Cape Henlopen School District,Regular local school district,1000170,17,5892,Monthly,11/1/20,11/30/20,Hybrid,,,,,,,,1799,1809,2071,,
Delaware,DE,District,No,,,,,Cape Henlopen School District,Regular local school district,1000170,17,5892,Monthly,12/1/20,12/31/20,Hybrid,,,,,,,,1840,2001,2003,,
Delaware,DE,District,No,,,,,Cape Henlopen School District,Regular local school district,1000170,17,5892,Monthly,1/1/21,1/31/21,Hybrid,,,,,,,,1863,1966,2070,,
Delaware,DE,District,No,,,,,Cape Henlopen School District,Regular local school district,1000170,17,5892,Monthly,2/1/21,2/28/21,Hybrid,,,,,,,,1885,1976,2084,,
Delaware,DE,District,No,,,,,Cape Henlopen School District,Regular local school district,1000170,17,5892,Monthly,3/1/21,3/31/21,Hybrid,,,,,,,,1916,2027,2004,,
Delaware,DE,District,No,,,,,Cape Henlopen School District,Regular local school district,1000170,17,5892,Monthly,4/1/21,4/30/21,Hybrid,,,,,,,,1949,2060,1929,,
Delaware,DE,District,No,,,,,Cape Henlopen School District,Regular local school district,1000170,17,5892,Monthly,5/1/21,5/31/21,In-person,,,,,,,,2172,2017,1774,,
Delaware,DE,District,No,,,,,Cape Henlopen School District,Regular local school district,1000170,17,5892,Monthly,6/1/21,6/30/21,In-person,,,,,,,,2187,2026,1765,,
Delaware,DE,District,No,,,,,Capital School District,Regular local school district,1000190,13,6332,Monthly,9/1/20,9/30/20,,,,,,,,,,1,,,
Delaware,DE,District,No,,,,,Capital School District,Regular local school district,1000190,13,6332,Monthly,10/1/20,10/31/20,Virtual,,,,,,,,,4,6254,,
Delaware,DE,District,No,,,,,Capital School District,Regular local school district,1000190,13,6332,Monthly,11/1/20,11/30/20,Virtual,,,,,,,,,4,6436,,
Delaware,DE,District,No,,,,,Capital School District,Regular local school district,1000190,13,6332,Monthly,12/1/20,12/31/20,Hybrid,,,,,,,,,1194,5332,,
Delaware,DE,District,No,,,,,Capital School District,Regular local school district,1000190,13,6332,Monthly,1/1/21,1/31/21,Hybrid,,,,,,,,,1197,5347,,
Delaware,DE,District,No,,,,,Capital School District,Regular local school district,1000190,13,6332,Monthly,2/1/21,2/28/21,Hybrid,,,,,,,,1,2607,3935,,
Delaware,DE,District,No,,,,,Capital School District,Regular local school district,1000190,13,6332,Monthly,3/1/21,3/31/21,Hybrid,,,,,,,,41,2743,3696,,
Delaware,DE,District,No,,,,,Capital School District,Regular local school district,1000190,13,6332,Monthly,4/1/21,4/30/21,Hybrid,,,,,,,,25,2929,3561,,
Delaware,DE,District,No,,,,,Capital School District,Regular local school district,1000190,13,6332,Monthly,5/1/21,5/31/21,Hybrid,,,,,,,,33,2957,3478,,
Delaware,DE,District,No,,,,,Capital School District,Regular local school district,1000190,13,6332,Monthly,6/1/21,6/30/21,Hybrid,,,,,,,,33,3092,3454,,
Delaware,DE,District,Yes,,,,,Charter School of New Castle,Charter agency,1000024,80,762,Monthly,9/1/20,9/30/20,,,,,,,,,,77,58,,
Delaware,DE,District,Yes,,,,,Charter School of New Castle,Charter agency,1000024,80,762,Monthly,10/1/20,10/31/20,,,,,,,,,,93,314,,
Delaware,DE,District,Yes,,,,,Charter School of New Castle,Charter agency,1000024,80,762,Monthly,11/1/20,11/30/20,,,,,,,,,,162,252,,
Delaware,DE,District,Yes,,,,,Charter School of New Castle,Charter agency,1000024,80,762,Monthly,12/1/20,12/31/20,,,,,,,,,,98,314,,
Delaware,DE,District,Yes,,,,,Charter School of New Castle,Charter agency,1000024,80,762,Monthly,1/1/21,1/31/21,,,,,,,,,,98,313,,
Delaware,DE,District,Yes,,,,,Charter School of New Castle,Charter agency,1000024,80,762,Monthly,2/1/21,2/28/21,,,,,,,,,,97,271,,
Delaware,DE,District,Yes,,,,,Charter School of New Castle,Charter agency,1000024,80,762,Monthly,3/1/21,3/31/21,Hybrid,,,,,,,,,123,587,,
Delaware,DE,District,Yes,,,,,Charter School of New Castle,Charter agency,1000024,80,762,Monthly,4/1/21,4/30/21,Hybrid,,,,,,,,,175,582,,
Delaware,DE,District,Yes,,,,,Charter School of New Castle,Charter agency,1000024,80,762,Monthly,5/1/21,5/31/21,Hybrid,,,,,,,,,176,584,,
Delaware,DE,District,Yes,,,,,Charter School of New Castle,Charter agency,1000024,80,762,Monthly,6/1/21,6/30/21,Hybrid,,,,,,,,,176,583,,
Delaware,DE,District,Yes,,,,,Charter School of Wilmington,Charter agency,1000004,70,965,Monthly,9/1/20,9/30/20,,,,,,,,,,,,,
Delaware,DE,District,Yes,,,,,Charter School of Wilmington,Charter agency,1000004,70,965,Monthly,10/1/20,10/31/20,Virtual,,,,,,,,,,969,,
Delaware,DE,District,Yes,,,,,Charter School of Wilmington,Charter agency,1000004,70,965,Monthly,11/1/20,11/30/20,Virtual,,,,,,,,,,964,,
Delaware,DE,District,Yes,,,,,Charter School of Wilmington,Charter agency,1000004,70,965,Monthly,12/1/20,12/31/20,Virtual,,,,,,,,,,963,,
Delaware,DE,District,Yes,,,,,Charter School of Wilmington,Charter agency,1000004,70,965,Monthly,1/1/21,1/31/21,Virtual,,,,,,,,,,962,,
Delaware,DE,District,Yes,,,,,Charter School of Wilmington,Charter agency,1000004,70,965,Monthly,2/1/21,2/28/21,Hybrid,,,,,,,,,387,569,,
Delaware,DE,District,Yes,,,,,Charter School of Wilmington,Charter agency,1000004,70,965,Monthly,3/1/21,3/31/21,Hybrid,,,,,,,,,337,596,,
Delaware,DE,District,Yes,,,,,Charter School of Wilmington,Charter agency,1000004,70,965,Monthly,4/1/21,4/30/21,Hybrid,,,,,,,,,260,526,,
Delaware,DE,District,Yes,,,,,Charter School of Wilmington,Charter agency,1000004,70,965,Monthly,5/1/21,5/31/21,Hybrid,,,,,,,,,230,536,,
Delaware,DE,District,Yes,,,,,Charter School of Wilmington,Charter agency,1000004,70,965,Monthly,6/1/21,6/30/21,Hybrid,,,,,,,,,224,530,,
Delaware,DE,District,No,,,,,Christina School District,Regular local school district,1000200,33,12963,Monthly,9/1/20,9/30/20,,,,,,,,,,1,,,
Delaware,DE,District,No,,,,,Christina School District,Regular local school district,1000200,33,12963,Monthly,10/1/20,10/31/20,,,,,,,,,,21,63,,
Delaware,DE,District,No,,,,,Christina School District,Regular local school district,1000200,33,12963,Monthly,11/1/20,11/30/20,Hybrid,,,,,,,,,9086,3538,,
Delaware,DE,District,No,,,,,Christina School District,Regular local school district,1000200,33,12963,Monthly,12/1/20,12/31/20,Hybrid,,,,,,,,,9134,3841,,
Delaware,DE,District,No,,,,,Christina School District,Regular local school district,1000200,33,12963,Monthly,1/1/21,1/31/21,Hybrid,,,,,,,,,9135,3869,,
Delaware,DE,District,No,,,,,Christina School District,Regular local school district,1000200,33,12963,Monthly,2/1/21,2/28/21,Hybrid,,,,,,,,,9298,4228,,
Delaware,DE,District,No,,,,,Christina School District,Regular local school district,1000200,33,12963,Monthly,3/1/21,3/31/21,Hybrid,,,,,,,,,9288,4229,,
Delaware,DE,District,No,,,,,Christina School District,Regular local school district,1000200,33,12963,Monthly,4/1/21,4/30/21,Hybrid,,,,,,,,,8916,4255,,
Delaware,DE,District,No,,,,,Christina School District,Regular local school district,1000200,33,12963,Monthly,5/1/21,5/31/21,Hybrid,,,,,,,,,8876,4278,,
Delaware,DE,District,No,,,,,Christina School District,Regular local school district,1000200,33,12963,Monthly,6/1/21,6/30/21,Hybrid,,,,,,,,,9262,4314,,
Delaware,DE,District,No,,,,,Colonial School District,Regular local school district,1000230,34,9795,Monthly,9/1/20,9/30/20,In-person,,,,,,,,2820,,3988,,
Delaware,DE,District,No,,,,,Colonial School District,Regular local school district,1000230,34,9795,Monthly,10/1/20,10/31/20,In-person,,,,,,,,3039,178,6328,,
Delaware,DE,District,No,,,,,Colonial School District,Regular local school district,1000230,34,9795,Monthly,11/1/20,11/30/20,In-person,,,,,,,,3085,179,6385,,
Delaware,DE,District,No,,,,,Colonial School District,Regular local school district,1000230,34,9795,Monthly,12/1/20,12/31/20,In-person,,,,,,,,3179,181,6462,,
Delaware,DE,District,No,,,,,Colonial School District,Regular local school district,1000230,34,9795,Monthly,1/1/21,1/31/21,In-person,,,,,,,,3173,666,5987,,
Delaware,DE,District,No,,,,,Colonial School District,Regular local school district,1000230,34,9795,Monthly,2/1/21,2/28/21,In-person,,,,,,,,3122,881,5850,,
Delaware,DE,District,No,,,,,Colonial School District,Regular local school district,1000230,34,9795,Monthly,3/1/21,3/31/21,In-person,,,,,,,,3153,822,5872,,
Delaware,DE,District,No,,,,,Colonial School District,Regular local school district,1000230,34,9795,Monthly,4/1/21,4/30/21,In-person,,,,,,,,3172,853,5806,,
Delaware,DE,District,No,,,,,Colonial School District,Regular local school district,1000230,34,9795,Monthly,5/1/21,5/31/21,In-person,,,,,,,,3167,854,5801,,
Delaware,DE,District,No,,,,,Colonial School District,Regular local school district,1000230,34,9795,Monthly,6/1/21,6/30/21,In-person,,,,,,,,3167,858,5789,,
Delaware,DE,District,Yes,,,,,Delaware Military Academy,Charter agency,1000016,79,579,Monthly,9/1/20,9/30/20,Virtual,,,,,,,,,,577,,
Delaware,DE,District,Yes,,,,,Delaware Military Academy,Charter agency,1000016,79,579,Monthly,10/1/20,10/31/20,Virtual,,,,,,,,,,580,,
Delaware,DE,District,Yes,,,,,Delaware Military Academy,Charter agency,1000016,79,579,Monthly,11/1/20,11/30/20,Virtual,,,,,,,,,,452,,
Delaware,DE,District,Yes,,,,,Delaware Military Academy,Charter agency,1000016,79,579,Monthly,12/1/20,12/31/20,Hybrid,,,,,,,,,336,230,,
Delaware,DE,District,Yes,,,,,Delaware Military Academy,Charter agency,1000016,79,579,Monthly,1/1/21,1/31/21,Virtual,,,,,,,,,,578,,
Delaware,DE,District,Yes,,,,,Delaware Military Academy,Charter agency,1000016,79,579,Monthly,2/1/21,2/28/21,Hybrid,,,,,,,,,370,208,,
Delaware,DE,District,Yes,,,,,Delaware Military Academy,Charter agency,1000016,79,579,Monthly,3/1/21,3/31/21,Hybrid,,,,,,,,,360,216,,
Delaware,DE,District,Yes,,,,,Delaware Military Academy,Charter agency,1000016,79,579,Monthly,4/1/21,4/30/21,Hybrid,,,,,,,,,362,215,,
Delaware,DE,District,Yes,,,,,Delaware Military Academy,Charter agency,1000016,79,579,Monthly,5/1/21,5/31/21,Hybrid,,,,,,,,,438,139,,
Delaware,DE,District,Yes,,,,,Delaware Military Academy,Charter agency,1000016,79,579,Monthly,6/1/21,6/30/21,Hybrid,,,,,,,,,439,140,,
Delaware,DE,District,No,,,,,Delmar School District,Regular local school district,1000270,37,1365,Monthly,9/1/20,9/30/20,,,,,,,,,,,,,
Delaware,DE,District,No,,,,,Delmar School District,Regular local school district,1000270,37,1365,Monthly,10/1/20,10/31/20,,,,,,,,,,18,21,,
Delaware,DE,District,No,,,,,Delmar School District,Regular local school district,1000270,37,1365,Monthly,11/1/20,11/30/20,,,,,,,,,,33,34,,
Delaware,DE,District,No,,,,,Delmar School District,Regular local school district,1000270,37,1365,Monthly,12/1/20,12/31/20,Hybrid,,,,,,,,,553,821,,
Delaware,DE,District,No,,,,,Delmar School District,Regular local school district,1000270,37,1365,Monthly,1/1/21,1/31/21,Hybrid,,,,,,,,,552,823,,
Delaware,DE,District,No,,,,,Delmar School District,Regular local school district,1000270,37,1365,Monthly,2/1/21,2/28/21,Hybrid,,,,,,,,,694,686,,
Delaware,DE,District,No,,,,,Delmar School District,Regular local school district,1000270,37,1365,Monthly,3/1/21,3/31/21,Hybrid,,,,,,,,,638,749,,
Delaware,DE,District,No,,,,,Delmar School District,Regular local school district,1000270,37,1365,Monthly,4/1/21,4/30/21,Hybrid,,,,,,,,,671,726,,
Delaware,DE,District,No,,,,,Delmar School District,Regular local school district,1000270,37,1365,Monthly,5/1/21,5/31/21,Hybrid,,,,,,,,,686,712,,
Delaware,DE,District,No,,,,,Delmar School District,Regular local school district,1000270,37,1365,Monthly,6/1/21,6/30/21,Hybrid,,,,,,,,,687,707,,
Delaware,DE,District,Yes,,,,,Early College High School at Del State,Charter agency,1000055,9604,399,Monthly,9/1/20,9/30/20,Virtual,,,,,,,,,,367,,
Delaware,DE,District,Yes,,,,,Early College High School at Del State,Charter agency,1000055,9604,399,Monthly,10/1/20,10/31/20,Virtual,,,,,,,,,,393,,
Delaware,DE,District,Yes,,,,,Early College High School at Del State,Charter agency,1000055,9604,399,Monthly,11/1/20,11/30/20,Virtual,,,,,,,,,,397,,
Delaware,DE,District,Yes,,,,,Early College High School at Del State,Charter agency,1000055,9604,399,Monthly,12/1/20,12/31/20,Virtual,,,,,,,,,,394,,
Delaware,DE,District,Yes,,,,,Early College High School at Del State,Charter agency,1000055,9604,399,Monthly,1/1/21,1/31/21,Virtual,,,,,,,,,,393,,
Delaware,DE,District,Yes,,,,,Early College High School at Del State,Charter agency,1000055,9604,399,Monthly,2/1/21,2/28/21,Virtual,,,,,,,,,,388,,
Delaware,DE,District,Yes,,,,,Early College High School at Del State,Charter agency,1000055,9604,399,Monthly,3/1/21,3/31/21,Virtual,,,,,,,,,,388,,
Delaware,DE,District,Yes,,,,,Early College High School at Del State,Charter agency,1000055,9604,399,Monthly,4/1/21,4/30/21,Hybrid,,,,,,,,,152,238,,
Delaware,DE,District,Yes,,,,,Early College High School at Del State,Charter agency,1000055,9604,399,Monthly,5/1/21,5/31/21,Hybrid,,,,,,,,,149,242,,
Delaware,DE,District,Yes,,,,,Early College High School at Del State,Charter agency,1000055,9604,399,Monthly,6/1/21,6/30/21,Hybrid,,,,,,,,,146,241,,
Delaware,DE,District,Yes,,,,,East Side Charter School,Charter agency,1000006,72,449,Monthly,9/1/20,9/30/20,In-person,,,,,,,,93,,294,,
Delaware,DE,District,Yes,,,,,East Side Charter School,Charter agency,1000006,72,449,Monthly,10/1/20,10/31/20,In-person,,,,,,,,113,,334,,
Delaware,DE,District,Yes,,,,,East Side Charter School,Charter agency,1000006,72,449,Monthly,11/1/20,11/30/20,In-person,,,,,,,,114,,338,,
Delaware,DE,District,Yes,,,,,East Side Charter School,Charter agency,1000006,72,449,Monthly,12/1/20,12/31/20,In-person,,,,,,,,114,,338,,
Delaware,DE,District,Yes,,,,,East Side Charter School,Charter agency,1000006,72,449,Monthly,1/1/21,1/31/21,In-person,,,,,,,,114,,338,,
Delaware,DE,District,Yes,,,,,East Side Charter School,Charter agency,1000006,72,449,Monthly,2/1/21,2/28/21,In-person,,,,,,,,126,,325,,
Delaware,DE,District,Yes,,,,,East Side Charter School,Charter agency,1000006,72,449,Monthly,3/1/21,3/31/21,In-person,,,,,,,,146,,304,,
Delaware,DE,District,Yes,,,,,East Side Charter School,Charter agency,1000006,72,449,Monthly,4/1/21,4/30/21,In-person,,,,,,,,164,,282,,
Delaware,DE,District,Yes,,,,,East Side Charter School,Charter agency,1000006,72,449,Monthly,5/1/21,5/31/21,In-person,,,,,,,,168,1,282,,
Delaware,DE,District,Yes,,,,,East Side Charter School,Charter agency,1000006,72,449,Monthly,6/1/21,6/30/21,In-person,,,,,,,,168,1,282,,
Delaware,DE,District,Yes,,,,,Edison (Thomas A.) Charter School,Charter agency,1000010,76,701,Monthly,9/1/20,9/30/20,,,,,,,,,,,,,
Delaware,DE,District,Yes,,,,,Edison (Thomas A.) Charter School,Charter agency,1000010,76,701,Monthly,10/1/20,10/31/20,Virtual,,,,,,,,,,703,,
Delaware,DE,District,Yes,,,,,Edison (Thomas A.) Charter School,Charter agency,1000010,76,701,Monthly,11/1/20,11/30/20,Virtual,,,,,,,,,,709,,
Delaware,DE,District,Yes,,,,,Edison (Thomas A.) Charter School,Charter agency,1000010,76,701,Monthly,12/1/20,12/31/20,Virtual,,,,,,,,,,711,,
Delaware,DE,District,Yes,,,,,Edison (Thomas A.) Charter School,Charter agency,1000010,76,701,Monthly,1/1/21,1/31/21,Virtual,,,,,,,,,,712,,
Delaware,DE,District,Yes,,,,,Edison (Thomas A.) Charter School,Charter agency,1000010,76,701,Monthly,2/1/21,2/28/21,Virtual,,,,,,,,,,711,,
Delaware,DE,District,Yes,,,,,Edison (Thomas A.) Charter School,Charter agency,1000010,76,701,Monthly,3/1/21,3/31/21,Virtual,,,,,,,,,,710,,
Delaware,DE,District,Yes,,,,,Edison (Thomas A.) Charter School,Charter agency,1000010,76,701,Monthly,4/1/21,4/30/21,Virtual,,,,,,,,,,708,,
Delaware,DE,District,Yes,,,,,Edison (Thomas A.) Charter School,Charter agency,1000010,76,701,Monthly,5/1/21,5/31/21,Virtual,,,,,,,,,,709,,
Delaware,DE,District,Yes,,,,,Edison (Thomas A.) Charter School,Charter agency,1000010,76,701,Monthly,6/1/21,6/30/21,Virtual,,,,,,,,,,708,,
Delaware,DE,District,Yes,,,,,First State Military Academy,Charter agency,1000057,9607,458,Monthly,9/1/20,9/30/20,Hybrid,,,,,,,,,273,82,,
Delaware,DE,District,Yes,,,,,First State Military Academy,Charter agency,1000057,9607,458,Monthly,10/1/20,10/31/20,Hybrid,,,,,,,,,287,86,,
Delaware,DE,District,Yes,,,,,First State Military Academy,Charter agency,1000057,9607,458,Monthly,11/1/20,11/30/20,Hybrid,,,,,,,,,331,126,,
Delaware,DE,District,Yes,,,,,First State Military Academy,Charter agency,1000057,9607,458,Monthly,12/1/20,12/31/20,Hybrid,,,,,,,,,332,124,,
Delaware,DE,District,Yes,,,,,First State Military Academy,Charter agency,1000057,9607,458,Monthly,1/1/21,1/31/21,Hybrid,,,,,,,,,331,126,,
Delaware,DE,District,Yes,,,,,First State Military Academy,Charter agency,1000057,9607,458,Monthly,2/1/21,2/28/21,Hybrid,,,,,,,,,331,125,,
Delaware,DE,District,Yes,,,,,First State Military Academy,Charter agency,1000057,9607,458,Monthly,3/1/21,3/31/21,Hybrid,,,,,,,,,329,124,,
Delaware,DE,District,Yes,,,,,First State Military Academy,Charter agency,1000057,9607,458,Monthly,4/1/21,4/30/21,Hybrid,,,,,,,,,326,124,,
Delaware,DE,District,Yes,,,,,First State Military Academy,Charter agency,1000057,9607,458,Monthly,5/1/21,5/31/21,Hybrid,,,,,,,,,326,124,,
Delaware,DE,District,Yes,,,,,First State Military Academy,Charter agency,1000057,9607,458,Monthly,6/1/21,6/30/21,Hybrid,,,,,,,,,325,124,,
Delaware,DE,District,Yes,,,,,First State Montessori Academy,Charter agency,1000054,9606,604,Monthly,9/1/20,9/30/20,,,,,,,,,,,236,,
Delaware,DE,District,Yes,,,,,First State Montessori Academy,Charter agency,1000054,9606,604,Monthly,10/1/20,10/31/20,Hybrid,,,,,,,,,266,237,,
Delaware,DE,District,Yes,,,,,First State Montessori Academy,Charter agency,1000054,9606,604,Monthly,11/1/20,11/30/20,Hybrid,,,,,,,,,268,237,,
Delaware,DE,District,Yes,,,,,First State Montessori Academy,Charter agency,1000054,9606,604,Monthly,12/1/20,12/31/20,Hybrid,,,,,,,,,267,238,,
Delaware,DE,District,Yes,,,,,First State Montessori Academy,Charter agency,1000054,9606,604,Monthly,1/1/21,1/31/21,Hybrid,,,,,,,,,307,288,,
Delaware,DE,District,Yes,,,,,First State Montessori Academy,Charter agency,1000054,9606,604,Monthly,2/1/21,2/28/21,Hybrid,,,,,,,,,326,268,,
Delaware,DE,District,Yes,,,,,First State Montessori Academy,Charter agency,1000054,9606,604,Monthly,3/1/21,3/31/21,Hybrid,,,,,,,,,327,267,,
Delaware,DE,District,Yes,,,,,First State Montessori Academy,Charter agency,1000054,9606,604,Monthly,4/1/21,4/30/21,Hybrid,,,,,,,,,331,262,,
Delaware,DE,District,Yes,,,,,First State Montessori Academy,Charter agency,1000054,9606,604,Monthly,5/1/21,5/31/21,Hybrid,,,,,,,,,329,262,,
Delaware,DE,District,Yes,,,,,First State Montessori Academy,Charter agency,1000054,9606,604,Monthly,6/1/21,6/30/21,Hybrid,,,,,,,,,329,262,,
Delaware,DE,District,Yes,,,,,Freire Charter School Wilmington,Charter agency,1000059,9612,501,Monthly,9/1/20,9/30/20,Virtual,,,,,,,,,,459,,
Delaware,DE,District,Yes,,,,,Freire Charter School Wilmington,Charter agency,1000059,9612,501,Monthly,10/1/20,10/31/20,Virtual,,,,,,,,,,508,,
Delaware,DE,District,Yes,,,,,Freire Charter School Wilmington,Charter agency,1000059,9612,501,Monthly,11/1/20,11/30/20,Virtual,,,,,,,,,,510,,
Delaware,DE,District,Yes,,,,,Freire Charter School Wilmington,Charter agency,1000059,9612,501,Monthly,12/1/20,12/31/20,Virtual,,,,,,,,,,517,,
Delaware,DE,District,Yes,,,,,Freire Charter School Wilmington,Charter agency,1000059,9612,501,Monthly,1/1/21,1/31/21,Virtual,,,,,,,,,,516,,
Delaware,DE,District,Yes,,,,,Freire Charter School Wilmington,Charter agency,1000059,9612,501,Monthly,2/1/21,2/28/21,Virtual,,,,,,,,,13,503,,
Delaware,DE,District,Yes,,,,,Freire Charter School Wilmington,Charter agency,1000059,9612,501,Monthly,3/1/21,3/31/21,Virtual,,,,,,,,,23,493,,
Delaware,DE,District,Yes,,,,,Freire Charter School Wilmington,Charter agency,1000059,9612,501,Monthly,4/1/21,4/30/21,Virtual,,,,,,,,,23,492,,
Delaware,DE,District,Yes,,,,,Freire Charter School Wilmington,Charter agency,1000059,9612,501,Monthly,5/1/21,5/31/21,Hybrid,,,,,,,,,241,269,,
Delaware,DE,District,Yes,,,,,Freire Charter School Wilmington,Charter agency,1000059,9612,501,Monthly,6/1/21,6/30/21,Hybrid,,,,,,,,,247,270,,
Delaware,DE,District,Yes,,,,,Gateway Lab School,Charter agency,1000052,92,158,Monthly,9/1/20,9/30/20,,,,,,,,,,,,,
Delaware,DE,District,Yes,,,,,Gateway Lab School,Charter agency,1000052,92,158,Monthly,10/1/20,10/31/20,Hybrid,,,,,,,,,155,1,,
Delaware,DE,District,Yes,,,,,Gateway Lab School,Charter agency,1000052,92,158,Monthly,11/1/20,11/30/20,Hybrid,,,,,,,,,154,1,,
Delaware,DE,District,Yes,,,,,Gateway Lab School,Charter agency,1000052,92,158,Monthly,12/1/20,12/31/20,Hybrid,,,,,,,,,154,1,,
Delaware,DE,District,Yes,,,,,Gateway Lab School,Charter agency,1000052,92,158,Monthly,1/1/21,1/31/21,Hybrid,,,,,,,,,154,1,,
Delaware,DE,District,Yes,,,,,Gateway Lab School,Charter agency,1000052,92,158,Monthly,2/1/21,2/28/21,Hybrid,,,,,,,,,154,1,,
Delaware,DE,District,Yes,,,,,Gateway Lab School,Charter agency,1000052,92,158,Monthly,3/1/21,3/31/21,Hybrid,,,,,,,,,154,1,,
Delaware,DE,District,Yes,,,,,Gateway Lab School,Charter agency,1000052,92,158,Monthly,4/1/21,4/30/21,Hybrid,,,,,,,,,154,1,,
Delaware,DE,District,Yes,,,,,Gateway Lab School,Charter agency,1000052,92,158,Monthly,5/1/21,5/31/21,Hybrid,,,,,,,,,154,1,,
Delaware,DE,District,Yes,,,,,Gateway Lab School,Charter agency,1000052,92,158,Monthly,6/1/21,6/30/21,Hybrid,,,,,,,,,153,1,,
Delaware,DE,District,Yes,,,,,Great Oaks Charter School,Charter agency,1000062,9611,318,Monthly,9/1/20,9/30/20,,,,,,,,,,,,,
Delaware,DE,District,Yes,,,,,Great Oaks Charter School,Charter agency,1000062,9611,318,Monthly,10/1/20,10/31/20,Virtual,,,,,,,,,,211,,
Delaware,DE,District,Yes,,,,,Great Oaks Charter School,Charter agency,1000062,9611,318,Monthly,11/1/20,11/30/20,Virtual,,,,,,,,,,306,,
Delaware,DE,District,Yes,,,,,Great Oaks Charter School,Charter agency,1000062,9611,318,Monthly,12/1/20,12/31/20,Virtual,,,,,,,,,52,308,,
Delaware,DE,District,Yes,,,,,Great Oaks Charter School,Charter agency,1000062,9611,318,Monthly,1/1/21,1/31/21,Virtual,,,,,,,,,52,306,,
Delaware,DE,District,Yes,,,,,Great Oaks Charter School,Charter agency,1000062,9611,318,Monthly,2/1/21,2/28/21,Virtual,,,,,,,,,52,305,,
Delaware,DE,District,Yes,,,,,Great Oaks Charter School,Charter agency,1000062,9611,318,Monthly,3/1/21,3/31/21,Virtual,,,,,,,,,52,303,,
Delaware,DE,District,Yes,,,,,Great Oaks Charter School,Charter agency,1000062,9611,318,Monthly,4/1/21,4/30/21,Virtual,,,,,,,,,52,303,,
Delaware,DE,District,Yes,,,,,Great Oaks Charter School,Charter agency,1000062,9611,318,Monthly,5/1/21,5/31/21,Virtual,,,,,,,,,53,302,,
Delaware,DE,District,Yes,,,,,Great Oaks Charter School,Charter agency,1000062,9611,318,Monthly,6/1/21,6/30/21,Virtual,,,,,,,,,53,301,,
Delaware,DE,District,No,,,,,Indian River School District,Regular local school district,1000680,36,10592,Monthly,9/1/20,9/30/20,Hybrid,,,,,,,,,6360,3401,,
Delaware,DE,District,No,,,,,Indian River School District,Regular local school district,1000680,36,10592,Monthly,10/1/20,10/31/20,Hybrid,,,,,,,,,6662,3605,,
Delaware,DE,District,No,,,,,Indian River School District,Regular local school district,1000680,36,10592,Monthly,11/1/20,11/30/20,Hybrid,,,,,,,,,6468,3823,,
Delaware,DE,District,No,,,,,Indian River School District,Regular local school district,1000680,36,10592,Monthly,12/1/20,12/31/20,Hybrid,,,,,,,,,7134,3308,,
Delaware,DE,District,No,,,,,Indian River School District,Regular local school district,1000680,36,10592,Monthly,1/1/21,1/31/21,Hybrid,,,,,,,,,7126,3346,,
Delaware,DE,District,No,,,,,Indian River School District,Regular local school district,1000680,36,10592,Monthly,2/1/21,2/28/21,Hybrid,,,,,,,,,7156,3362,,
Delaware,DE,District,No,,,,,Indian River School District,Regular local school district,1000680,36,10592,Monthly,3/1/21,3/31/21,Hybrid,,,,,,,,,7296,3219,,
Delaware,DE,District,No,,,,,Indian River School District,Regular local school district,1000680,36,10592,Monthly,4/1/21,4/30/21,Hybrid,,,,,,,,,7325,3063,,
Delaware,DE,District,No,,,,,Indian River School District,Regular local school district,1000680,36,10592,Monthly,5/1/21,5/31/21,Hybrid,,,,,,,,,7657,2777,,
Delaware,DE,District,No,,,,,Indian River School District,Regular local school district,1000680,36,10592,Monthly,6/1/21,6/30/21,Hybrid,,,,,,,,,7751,2737,,
Delaware,DE,District,Yes,,,,,Kuumba Academy Charter School,Charter agency,1000014,82,644,Monthly,9/1/20,9/30/20,,,,,,,,,,,,,
Delaware,DE,District,Yes,,,,,Kuumba Academy Charter School,Charter agency,1000014,82,644,Monthly,10/1/20,10/31/20,Virtual,,,,,,,,,,645,,
Delaware,DE,District,Yes,,,,,Kuumba Academy Charter School,Charter agency,1000014,82,644,Monthly,11/1/20,11/30/20,Virtual,,,,,,,,,,635,,
Delaware,DE,District,Yes,,,,,Kuumba Academy Charter School,Charter agency,1000014,82,644,Monthly,12/1/20,12/31/20,Virtual,,,,,,,,,,645,,
Delaware,DE,District,Yes,,,,,Kuumba Academy Charter School,Charter agency,1000014,82,644,Monthly,1/1/21,1/31/21,Virtual,,,,,,,,,,645,,
Delaware,DE,District,Yes,,,,,Kuumba Academy Charter School,Charter agency,1000014,82,644,Monthly,2/1/21,2/28/21,Virtual,,,,,,,,,,645,,
Delaware,DE,District,Yes,,,,,Kuumba Academy Charter School,Charter agency,1000014,82,644,Monthly,3/1/21,3/31/21,Virtual,,,,,,,,,,645,,
Delaware,DE,District,Yes,,,,,Kuumba Academy Charter School,Charter agency,1000014,82,644,Monthly,4/1/21,4/30/21,Hybrid,,,,,,,,,500,144,,
Delaware,DE,District,Yes,,,,,Kuumba Academy Charter School,Charter agency,1000014,82,644,Monthly,5/1/21,5/31/21,Hybrid,,,,,,,,,500,145,,
Delaware,DE,District,Yes,,,,,Kuumba Academy Charter School,Charter agency,1000014,82,644,Monthly,6/1/21,6/30/21,Hybrid,,,,,,,,,499,145,,
Delaware,DE,District,No,,,,,Lake Forest School District,Regular local school district,1000790,15,3505,Monthly,9/1/20,9/30/20,,,,,,,,,,,,,
Delaware,DE,District,No,,,,,Lake Forest School District,Regular local school district,1000790,15,3505,Monthly,10/1/20,10/31/20,Virtual,,,,,,,,130,231,3181,,
Delaware,DE,District,No,,,,,Lake Forest School District,Regular local school district,1000790,15,3505,Monthly,11/1/20,11/30/20,Hybrid,,,,,,,,248,660,2475,,
Delaware,DE,District,No,,,,,Lake Forest School District,Regular local school district,1000790,15,3505,Monthly,12/1/20,12/31/20,Hybrid,,,,,,,,325,1256,1945,,
Delaware,DE,District,No,,,,,Lake Forest School District,Regular local school district,1000790,15,3505,Monthly,1/1/21,1/31/21,Hybrid,,,,,,,,268,1214,2083,,
Delaware,DE,District,No,,,,,Lake Forest School District,Regular local school district,1000790,15,3505,Monthly,2/1/21,2/28/21,Hybrid,,,,,,,,364,1289,1898,,
Delaware,DE,District,No,,,,,Lake Forest School District,Regular local school district,1000790,15,3505,Monthly,3/1/21,3/31/21,Hybrid,,,,,,,,381,1306,1859,,
Delaware,DE,District,No,,,,,Lake Forest School District,Regular local school district,1000790,15,3505,Monthly,4/1/21,4/30/21,Hybrid,,,,,,,,424,1325,1788,,
Delaware,DE,District,No,,,,,Lake Forest School District,Regular local school district,1000790,15,3505,Monthly,5/1/21,5/31/21,Hybrid,,,,,,,,491,1315,1759,,
Delaware,DE,District,No,,,,,Lake Forest School District,Regular local school district,1000790,15,3505,Monthly,6/1/21,6/30/21,Hybrid,,,,,,,,508,1317,1750,,
Delaware,DE,District,Yes,,,,,Las Americas Aspira Academy,Charter agency,1000050,69,1060,Monthly,9/1/20,9/30/20,,,,,,,,,,,,,
Delaware,DE,District,Yes,,,,,Las Americas Aspira Academy,Charter agency,1000050,69,1060,Monthly,10/1/20,10/31/20,,,,,,,,,,,,,
Delaware,DE,District,Yes,,,,,Las Americas Aspira Academy,Charter agency,1000050,69,1060,Monthly,11/1/20,11/30/20,,,,,,,,,,111,95,,
Delaware,DE,District,Yes,,,,,Las Americas Aspira Academy,Charter agency,1000050,69,1060,Monthly,12/1/20,12/31/20,Hybrid,,,,,,,,,111,836,,
Delaware,DE,District,Yes,,,,,Las Americas Aspira Academy,Charter agency,1000050,69,1060,Monthly,1/1/21,1/31/21,Hybrid,,,,,,,,,111,836,,
Delaware,DE,District,Yes,,,,,Las Americas Aspira Academy,Charter agency,1000050,69,1060,Monthly,2/1/21,2/28/21,Hybrid,,,,,,,,,283,662,,
Delaware,DE,District,Yes,,,,,Las Americas Aspira Academy,Charter agency,1000050,69,1060,Monthly,3/1/21,3/31/21,Hybrid,,,,,,,,,570,470,,
Delaware,DE,District,Yes,,,,,Las Americas Aspira Academy,Charter agency,1000050,69,1060,Monthly,4/1/21,4/30/21,Hybrid,,,,,,,,,571,477,,
Delaware,DE,District,Yes,,,,,Las Americas Aspira Academy,Charter agency,1000050,69,1060,Monthly,5/1/21,5/31/21,Hybrid,,,,,,,,,574,478,,
Delaware,DE,District,Yes,,,,,Las Americas Aspira Academy,Charter agency,1000050,69,1060,Monthly,6/1/21,6/30/21,Hybrid,,,,,,,,,575,481,,
Delaware,DE,District,No,,,,,Laurel School District,Regular local school district,1000810,16,2546,Monthly,9/1/20,9/30/20,Hybrid,,,,,,,,,1425,886,,
Delaware,DE,District,No,,,,,Laurel School District,Regular local school district,1000810,16,2546,Monthly,10/1/20,10/31/20,Hybrid,,,,,,,,,1533,976,,
Delaware,DE,District,No,,,,,Laurel School District,Regular local school district,1000810,16,2546,Monthly,11/1/20,11/30/20,Hybrid,,,,,,,,,1558,987,,
Delaware,DE,District,No,,,,,Laurel School District,Regular local school district,1000810,16,2546,Monthly,12/1/20,12/31/20,Hybrid,,,,,,,,,1570,995,,
Delaware,DE,District,No,,,,,Laurel School District,Regular local school district,1000810,16,2546,Monthly,1/1/21,1/31/21,Hybrid,,,,,,,,,1566,995,,
Delaware,DE,District,No,,,,,Laurel School District,Regular local school district,1000810,16,2546,Monthly,2/1/21,2/28/21,Hybrid,,,,,,,,,1561,951,,
Delaware,DE,District,No,,,,,Laurel School District,Regular local school district,1000810,16,2546,Monthly,3/1/21,3/31/21,Hybrid,,,,,,,,,1567,982,,
Delaware,DE,District,No,,,,,Laurel School District,Regular local school district,1000810,16,2546,Monthly,4/1/21,4/30/21,Hybrid,,,,,,,,1,1685,888,,
Delaware,DE,District,No,,,,,Laurel School District,Regular local school district,1000810,16,2546,Monthly,5/1/21,5/31/21,Hybrid,,,,,,,,770,1148,621,,
Delaware,DE,District,No,,,,,Laurel School District,Regular local school district,1000810,16,2546,Monthly,6/1/21,6/30/21,Hybrid,,,,,,,,873,1096,619,,
Delaware,DE,District,Yes,,,,,MOT Charter School,Charter agency,1000019,88,1383,Monthly,9/1/20,9/30/20,,,,,,,,,,,74,,
Delaware,DE,District,Yes,,,,,MOT Charter School,Charter agency,1000019,88,1383,Monthly,10/1/20,10/31/20,Virtual,,,,,,,,,,1383,,
Delaware,DE,District,Yes,,,,,MOT Charter School,Charter agency,1000019,88,1383,Monthly,11/1/20,11/30/20,Virtual,,,,,,,,,,1178,,
Delaware,DE,District,Yes,,,,,MOT Charter School,Charter agency,1000019,88,1383,Monthly,12/1/20,12/31/20,Virtual,,,,,,,,,,1382,,
Delaware,DE,District,Yes,,,,,MOT Charter School,Charter agency,1000019,88,1383,Monthly,1/1/21,1/31/21,Virtual,,,,,,,,,,1309,,
Delaware,DE,District,Yes,,,,,MOT Charter School,Charter agency,1000019,88,1383,Monthly,2/1/21,2/28/21,Hybrid,,,,,,,,,672,705,,
Delaware,DE,District,Yes,,,,,MOT Charter School,Charter agency,1000019,88,1383,Monthly,3/1/21,3/31/21,Hybrid,,,,,,,,,665,704,,
Delaware,DE,District,Yes,,,,,MOT Charter School,Charter agency,1000019,88,1383,Monthly,4/1/21,4/30/21,Hybrid,,,,,,,,,792,578,,
Delaware,DE,District,Yes,,,,,MOT Charter School,Charter agency,1000019,88,1383,Monthly,5/1/21,5/31/21,Hybrid,,,,,,,,,766,558,,
Delaware,DE,District,Yes,,,,,MOT Charter School,Charter agency,1000019,88,1383,Monthly,6/1/21,6/30/21,Hybrid,,,,,,,,,819,553,,
Delaware,DE,District,No,,,,,Milford School District,Regular local school district,1001080,18,4214,Monthly,9/1/20,9/30/20,,,,,,,,,,2,,,
Delaware,DE,District,No,,,,,Milford School District,Regular local school district,1001080,18,4214,Monthly,10/1/20,10/31/20,Virtual,,,,,,,,117,69,4009,,
Delaware,DE,District,No,,,,,Milford School District,Regular local school district,1001080,18,4214,Monthly,11/1/20,11/30/20,Hybrid,,,,,,,,118,1970,2118,,
Delaware,DE,District,No,,,,,Milford School District,Regular local school district,1001080,18,4214,Monthly,12/1/20,12/31/20,Hybrid,,,,,,,,113,2478,1689,,
Delaware,DE,District,No,,,,,Milford School District,Regular local school district,1001080,18,4214,Monthly,1/1/21,1/31/21,Hybrid,,,,,,,,113,2481,1700,,
Delaware,DE,District,No,,,,,Milford School District,Regular local school district,1001080,18,4214,Monthly,2/1/21,2/28/21,Hybrid,,,,,,,,222,2418,1685,,
Delaware,DE,District,No,,,,,Milford School District,Regular local school district,1001080,18,4214,Monthly,3/1/21,3/31/21,Hybrid,,,,,,,,271,2378,1658,,
Delaware,DE,District,No,,,,,Milford School District,Regular local school district,1001080,18,4214,Monthly,4/1/21,4/30/21,Hybrid,,,,,,,,392,2316,1593,,
Delaware,DE,District,No,,,,,Milford School District,Regular local school district,1001080,18,4214,Monthly,5/1/21,5/31/21,In-person,,,,,,,,2016,871,1433,,
Delaware,DE,District,No,,,,,Milford School District,Regular local school district,1001080,18,4214,Monthly,6/1/21,6/30/21,In-person,,,,,,,,2048,870,1414,,
Delaware,DE,District,No,,,,,New Castle County Vocational-Technical School District,Regular local school district,1001280,38,4644,Monthly,9/1/20,9/30/20,,,,,,,,,,,,,
Delaware,DE,District,No,,,,,New Castle County Vocational-Technical School District,Regular local school district,1001280,38,4644,Monthly,10/1/20,10/31/20,Hybrid,,,,,,,,,2855,1843,,
Delaware,DE,District,No,,,,,New Castle County Vocational-Technical School District,Regular local school district,1001280,38,4644,Monthly,11/1/20,11/30/20,Hybrid,,,,,,,,,2856,1844,,
Delaware,DE,District,No,,,,,New Castle County Vocational-Technical School District,Regular local school district,1001280,38,4644,Monthly,12/1/20,12/31/20,Hybrid,,,,,,,,,2854,1845,,
Delaware,DE,District,No,,,,,New Castle County Vocational-Technical School District,Regular local school district,1001280,38,4644,Monthly,1/1/21,1/31/21,Virtual,,,,,,,,,1,4691,,
Delaware,DE,District,No,,,,,New Castle County Vocational-Technical School District,Regular local school district,1001280,38,4644,Monthly,2/1/21,2/28/21,Hybrid,,,,,,,,,2253,2432,,
Delaware,DE,District,No,,,,,New Castle County Vocational-Technical School District,Regular local school district,1001280,38,4644,Monthly,3/1/21,3/31/21,Hybrid,,,,,,,,,2473,2196,,
Delaware,DE,District,No,,,,,New Castle County Vocational-Technical School District,Regular local school district,1001280,38,4644,Monthly,4/1/21,4/30/21,Hybrid,,,,,,,,,2559,2112,,
Delaware,DE,District,No,,,,,New Castle County Vocational-Technical School District,Regular local school district,1001280,38,4644,Monthly,5/1/21,5/31/21,Hybrid,,,,,,,,,2588,2064,,
Delaware,DE,District,No,,,,,New Castle County Vocational-Technical School District,Regular local school district,1001280,38,4644,Monthly,6/1/21,6/30/21,Hybrid,,,,,,,,,2613,2053,,
Delaware,DE,District,Yes,,,,,Newark Charter School,Charter agency,1000015,89,2436,Monthly,9/1/20,9/30/20,,,,,,,,,,416,684,,
Delaware,DE,District,Yes,,,,,Newark Charter School,Charter agency,1000015,89,2436,Monthly,10/1/20,10/31/20,Hybrid,,,,,,,,,1020,1405,,
Delaware,DE,District,Yes,,,,,Newark Charter School,Charter agency,1000015,89,2436,Monthly,11/1/20,11/30/20,Hybrid,,,,,,,,,1020,1407,,
Delaware,DE,District,Yes,,,,,Newark Charter School,Charter agency,1000015,89,2436,Monthly,12/1/20,12/31/20,Hybrid,,,,,,,,,1021,1407,,
Delaware,DE,District,Yes,,,,,Newark Charter School,Charter agency,1000015,89,2436,Monthly,1/1/21,1/31/21,Hybrid,,,,,,,,,1020,1403,,
Delaware,DE,District,Yes,,,,,Newark Charter School,Charter agency,1000015,89,2436,Monthly,2/1/21,2/28/21,Hybrid,,,,,,,,,991,1432,,
Delaware,DE,District,Yes,,,,,Newark Charter School,Charter agency,1000015,89,2436,Monthly,3/1/21,3/31/21,Hybrid,,,,,,,,,1157,1266,,
Delaware,DE,District,Yes,,,,,Newark Charter School,Charter agency,1000015,89,2436,Monthly,4/1/21,4/30/21,Hybrid,,,,,,,,,1252,1168,,
Delaware,DE,District,Yes,,,,,Newark Charter School,Charter agency,1000015,89,2436,Monthly,5/1/21,5/31/21,Hybrid,,,,,,,,,1396,1025,,
Delaware,DE,District,Yes,,,,,Newark Charter School,Charter agency,1000015,89,2436,Monthly,6/1/21,6/30/21,Hybrid,,,,,,,,,1401,1025,,
Delaware,DE,District,Yes,,,,,Odyssey Charter School,Charter agency,1000026,86,1926,Monthly,9/1/20,9/30/20,Virtual,,,,,,,,,,1349,,
Delaware,DE,District,Yes,,,,,Odyssey Charter School,Charter agency,1000026,86,1926,Monthly,10/1/20,10/31/20,Virtual,,,,,,,,,,1927,,
Delaware,DE,District,Yes,,,,,Odyssey Charter School,Charter agency,1000026,86,1926,Monthly,11/1/20,11/30/20,Virtual,,,,,,,,,,1927,,
Delaware,DE,District,Yes,,,,,Odyssey Charter School,Charter agency,1000026,86,1926,Monthly,12/1/20,12/31/20,Virtual,,,,,,,,,,1929,,
Delaware,DE,District,Yes,,,,,Odyssey Charter School,Charter agency,1000026,86,1926,Monthly,1/1/21,1/31/21,Virtual,,,,,,,,,,1927,,
Delaware,DE,District,Yes,,,,,Odyssey Charter School,Charter agency,1000026,86,1926,Monthly,2/1/21,2/28/21,Hybrid,,,,,,,,,875,1043,,
Delaware,DE,District,Yes,,,,,Odyssey Charter School,Charter agency,1000026,86,1926,Monthly,3/1/21,3/31/21,Hybrid,,,,,,,,,861,1051,,
Delaware,DE,District,Yes,,,,,Odyssey Charter School,Charter agency,1000026,86,1926,Monthly,4/1/21,4/30/21,Hybrid,,,,,,,,,1080,828,,
Delaware,DE,District,Yes,,,,,Odyssey Charter School,Charter agency,1000026,86,1926,Monthly,5/1/21,5/31/21,Hybrid,,,,,,,,1,1133,773,,
Delaware,DE,District,Yes,,,,,Odyssey Charter School,Charter agency,1000026,86,1926,Monthly,6/1/21,6/30/21,Hybrid,,,,,,,,,1134,773,,
Delaware,DE,District,No,,,,,POLYTECH School District,Regular local school district,1000750,39,1182,Monthly,9/1/20,9/30/20,Hybrid,,,,,,,,,1198,,,
Delaware,DE,District,No,,,,,POLYTECH School District,Regular local school district,1000750,39,1182,Monthly,10/1/20,10/31/20,Hybrid,,,,,,,,,1033,152,,
Delaware,DE,District,No,,,,,POLYTECH School District,Regular local school district,1000750,39,1182,Monthly,11/1/20,11/30/20,Hybrid,,,,,,,,,1010,163,,
Delaware,DE,District,No,,,,,POLYTECH School District,Regular local school district,1000750,39,1182,Monthly,12/1/20,12/31/20,Hybrid,,,,,,,,,979,197,,
Delaware,DE,District,No,,,,,POLYTECH School District,Regular local school district,1000750,39,1182,Monthly,1/1/21,1/31/21,Hybrid,,,,,,,,,949,220,,
Delaware,DE,District,No,,,,,POLYTECH School District,Regular local school district,1000750,39,1182,Monthly,2/1/21,2/28/21,Hybrid,,,,,,,,,950,219,,
Delaware,DE,District,No,,,,,POLYTECH School District,Regular local school district,1000750,39,1182,Monthly,3/1/21,3/31/21,Hybrid,,,,,,,,,918,248,,
Delaware,DE,District,No,,,,,POLYTECH School District,Regular local school district,1000750,39,1182,Monthly,4/1/21,4/30/21,Hybrid,,,,,,,,,892,270,,
Delaware,DE,District,No,,,,,POLYTECH School District,Regular local school district,1000750,39,1182,Monthly,5/1/21,5/31/21,Hybrid,,,,,,,,,882,280,,
Delaware,DE,District,No,,,,,POLYTECH School District,Regular local school district,1000750,39,1182,Monthly,6/1/21,6/30/21,Hybrid,,,,,,,,,885,277,,
Delaware,DE,District,Yes,,,,,Positive Outcomes Charter School,Charter agency,1000005,71,112,Monthly,9/1/20,9/30/20,Virtual,,,,,,,,,,108,,
Delaware,DE,District,Yes,,,,,Positive Outcomes Charter School,Charter agency,1000005,71,112,Monthly,10/1/20,10/31/20,Virtual,,,,,,,,,1,115,,
Delaware,DE,District,Yes,,,,,Positive Outcomes Charter School,Charter agency,1000005,71,112,Monthly,11/1/20,11/30/20,Virtual,,,,,,,,,,70,,
Delaware,DE,District,Yes,,,,,Positive Outcomes Charter School,Charter agency,1000005,71,112,Monthly,12/1/20,12/31/20,Hybrid,,,,,,,,,47,70,,
Delaware,DE,District,Yes,,,,,Positive Outcomes Charter School,Charter agency,1000005,71,112,Monthly,1/1/21,1/31/21,Hybrid,,,,,,,,,47,70,,
Delaware,DE,District,Yes,,,,,Positive Outcomes Charter School,Charter agency,1000005,71,112,Monthly,2/1/21,2/28/21,Hybrid,,,,,,,,,47,67,,
Delaware,DE,District,Yes,,,,,Positive Outcomes Charter School,Charter agency,1000005,71,112,Monthly,3/1/21,3/31/21,Hybrid,,,,,,,,,47,64,,
Delaware,DE,District,Yes,,,,,Positive Outcomes Charter School,Charter agency,1000005,71,112,Monthly,4/1/21,4/30/21,Hybrid,,,,,,,,,46,64,,
Delaware,DE,District,Yes,,,,,Positive Outcomes Charter School,Charter agency,1000005,71,112,Monthly,5/1/21,5/31/21,Hybrid,,,,,,,,,54,58,,
Delaware,DE,District,Yes,,,,,Positive Outcomes Charter School,Charter agency,1000005,71,112,Monthly,6/1/21,6/30/21,Hybrid,,,,,,,,,53,58,,
Delaware,DE,District,Yes,,,,,Providence Creek Academy Charter School,Charter agency,1000018,87,707,Monthly,9/1/20,9/30/20,,,,,,,,,,,,,
Delaware,DE,District,Yes,,,,,Providence Creek Academy Charter School,Charter agency,1000018,87,707,Monthly,10/1/20,10/31/20,Hybrid,,,,,,,,,249,454,,
Delaware,DE,District,Yes,,,,,Providence Creek Academy Charter School,Charter agency,1000018,87,707,Monthly,11/1/20,11/30/20,Hybrid,,,,,,,,,248,457,,
Delaware,DE,District,Yes,,,,,Providence Creek Academy Charter School,Charter agency,1000018,87,707,Monthly,12/1/20,12/31/20,Hybrid,,,,,,,,,251,456,,
Delaware,DE,District,Yes,,,,,Providence Creek Academy Charter School,Charter agency,1000018,87,707,Monthly,1/1/21,1/31/21,Hybrid,,,,,,,,,247,457,,
Delaware,DE,District,Yes,,,,,Providence Creek Academy Charter School,Charter agency,1000018,87,707,Monthly,2/1/21,2/28/21,Hybrid,,,,,,,,,273,430,,
Delaware,DE,District,Yes,,,,,Providence Creek Academy Charter School,Charter agency,1000018,87,707,Monthly,3/1/21,3/31/21,Hybrid,,,,,,,,,277,426,,
Delaware,DE,District,Yes,,,,,Providence Creek Academy Charter School,Charter agency,1000018,87,707,Monthly,4/1/21,4/30/21,Hybrid,,,,,,,,,280,423,,
Delaware,DE,District,Yes,,,,,Providence Creek Academy Charter School,Charter agency,1000018,87,707,Monthly,5/1/21,5/31/21,Hybrid,,,,,,,,,281,419,,
Delaware,DE,District,Yes,,,,,Providence Creek Academy Charter School,Charter agency,1000018,87,707,Monthly,6/1/21,6/30/21,Hybrid,,,,,,,,,279,418,,
Delaware,DE,District,No,,,,,Red Clay Consolidated School District,Regular local school district,1001300,32,15057,Monthly,9/1/20,9/30/20,Virtual,,,,,,,,16,13,14154,,
Delaware,DE,District,No,,,,,Red Clay Consolidated School District,Regular local school district,1001300,32,15057,Monthly,10/1/20,10/31/20,Virtual,,,,,,,,21,14,15081,,
Delaware,DE,District,No,,,,,Red Clay Consolidated School District,Regular local school district,1001300,32,15057,Monthly,11/1/20,11/30/20,,,,,,,,,348,18,5835,,
Delaware,DE,District,No,,,,,Red Clay Consolidated School District,Regular local school district,1001300,32,15057,Monthly,12/1/20,12/31/20,In-person,,,,,,,,4720,4124,6445,,
Delaware,DE,District,No,,,,,Red Clay Consolidated School District,Regular local school district,1001300,32,15057,Monthly,1/1/21,1/31/21,Virtual,,,,,,,,6,2,15293,,
Delaware,DE,District,No,,,,,Red Clay Consolidated School District,Regular local school district,1001300,32,15057,Monthly,2/1/21,2/28/21,In-person,,,,,,,,4813,3506,7029,,
Delaware,DE,District,No,,,,,Red Clay Consolidated School District,Regular local school district,1001300,32,15057,Monthly,3/1/21,3/31/21,In-person,,,,,,,,4985,3390,6959,,
Delaware,DE,District,No,,,,,Red Clay Consolidated School District,Regular local school district,1001300,32,15057,Monthly,4/1/21,4/30/21,In-person,,,,,,,,5174,3331,6863,,
Delaware,DE,District,No,,,,,Red Clay Consolidated School District,Regular local school district,1001300,32,15057,Monthly,5/1/21,5/31/21,In-person,,,,,,,,7673,1036,6621,,
Delaware,DE,District,No,,,,,Red Clay Consolidated School District,Regular local school district,1001300,32,15057,Monthly,6/1/21,6/30/21,In-person,,,,,,,,7746,1012,6608,,
Delaware,DE,District,No,,,,,Seaford School District,Regular local school district,1001530,23,3224,Monthly,9/1/20,9/30/20,,,,,,,,,,40,399,,
Delaware,DE,District,No,,,,,Seaford School District,Regular local school district,1001530,23,3224,Monthly,10/1/20,10/31/20,Hybrid,,,,,,,,,1674,1487,,
Delaware,DE,District,No,,,,,Seaford School District,Regular local school district,1001530,23,3224,Monthly,11/1/20,11/30/20,Hybrid,,,,,,,,,1749,1442,,
Delaware,DE,District,No,,,,,Seaford School District,Regular local school district,1001530,23,3224,Monthly,12/1/20,12/31/20,Hybrid,,,,,,,,,1834,1380,,
Delaware,DE,District,No,,,,,Seaford School District,Regular local school district,1001530,23,3224,Monthly,1/1/21,1/31/21,Hybrid,,,,,,,,,1875,1377,,
Delaware,DE,District,No,,,,,Seaford School District,Regular local school district,1001530,23,3224,Monthly,2/1/21,2/28/21,Hybrid,,,,,,,,,2048,1252,,
Delaware,DE,District,No,,,,,Seaford School District,Regular local school district,1001530,23,3224,Monthly,3/1/21,3/31/21,Hybrid,,,,,,,,,2129,1195,,
Delaware,DE,District,No,,,,,Seaford School District,Regular local school district,1001530,23,3224,Monthly,4/1/21,4/30/21,Hybrid,,,,,,,,,2294,1039,,
Delaware,DE,District,No,,,,,Seaford School District,Regular local school district,1001530,23,3224,Monthly,5/1/21,5/31/21,Hybrid,,,,,,,,,2359,975,,
Delaware,DE,District,No,,,,,Seaford School District,Regular local school district,1001530,23,3224,Monthly,6/1/21,6/30/21,Hybrid,,,,,,,,,2375,963,,
Delaware,DE,District,No,,,,,Smyrna School District,Regular local school district,1001620,24,5883,Monthly,9/1/20,9/30/20,,,,,,,,,,602,367,,
Delaware,DE,District,No,,,,,Smyrna School District,Regular local school district,1001620,24,5883,Monthly,10/1/20,10/31/20,Hybrid,,,,,,,,,1632,2138,,
Delaware,DE,District,No,,,,,Smyrna School District,Regular local school district,1001620,24,5883,Monthly,11/1/20,11/30/20,Hybrid,,,,,,,,,3684,2202,,
Delaware,DE,District,No,,,,,Smyrna School District,Regular local school district,1001620,24,5883,Monthly,12/1/20,12/31/20,Hybrid,,,,,,,,,3671,2185,,
Delaware,DE,District,No,,,,,Smyrna School District,Regular local school district,1001620,24,5883,Monthly,1/1/21,1/31/21,Hybrid,,,,,,,,,3664,2182,,
Delaware,DE,District,No,,,,,Smyrna School District,Regular local school district,1001620,24,5883,Monthly,2/1/21,2/28/21,Hybrid,,,,,,,,,3695,2169,,
Delaware,DE,District,No,,,,,Smyrna School District,Regular local school district,1001620,24,5883,Monthly,3/1/21,3/31/21,Hybrid,,,,,,,,,3755,2093,,
Delaware,DE,District,No,,,,,Smyrna School District,Regular local school district,1001620,24,5883,Monthly,4/1/21,4/30/21,Hybrid,,,,,,,,,3853,2014,,
Delaware,DE,District,No,,,,,Smyrna School District,Regular local school district,1001620,24,5883,Monthly,5/1/21,5/31/21,Hybrid,,,,,,,,,3883,1969,,
Delaware,DE,District,No,,,,,Smyrna School District,Regular local school district,1001620,24,5883,Monthly,6/1/21,6/30/21,Hybrid,,,,,,,,,3886,1971,,
Delaware,DE,District,Yes,,,,,Sussex Academy,Charter agency,1000011,77,1126,Monthly,9/1/20,9/30/20,,,,,,,,,,3,77,,
Delaware,DE,District,Yes,,,,,Sussex Academy,Charter agency,1000011,77,1126,Monthly,10/1/20,10/31/20,,,,,,,,,30,473,110,,
Delaware,DE,District,Yes,,,,,Sussex Academy,Charter agency,1000011,77,1126,Monthly,11/1/20,11/30/20,,,,,,,,,34,469,109,,
Delaware,DE,District,Yes,,,,,Sussex Academy,Charter agency,1000011,77,1126,Monthly,12/1/20,12/31/20,,,,,,,,,37,469,112,,
Delaware,DE,District,Yes,,,,,Sussex Academy,Charter agency,1000011,77,1126,Monthly,1/1/21,1/31/21,,,,,,,,,37,469,112,,
Delaware,DE,District,Yes,,,,,Sussex Academy,Charter agency,1000011,77,1126,Monthly,2/1/21,2/28/21,,,,,,,,,59,461,98,,
Delaware,DE,District,Yes,,,,,Sussex Academy,Charter agency,1000011,77,1126,Monthly,3/1/21,3/31/21,,,,,,,,,67,447,101,,
Delaware,DE,District,Yes,,,,,Sussex Academy,Charter agency,1000011,77,1126,Monthly,4/1/21,4/30/21,Hybrid,,,,,,,,252,563,295,,
Delaware,DE,District,Yes,,,,,Sussex Academy,Charter agency,1000011,77,1126,Monthly,5/1/21,5/31/21,In-person,,,,,,,,448,386,274,,
Delaware,DE,District,Yes,,,,,Sussex Academy,Charter agency,1000011,77,1126,Monthly,6/1/21,6/30/21,In-person,,,,,,,,462,386,278,,
Delaware,DE,District,Yes,,,,,Sussex Montessori School,Charter agency,1000063,9614,260,Monthly,9/1/20,9/30/20,,,,,,,,,,,,,
Delaware,DE,District,Yes,,,,,Sussex Montessori School,Charter agency,1000063,9614,260,Monthly,10/1/20,10/31/20,Hybrid,,,,,,,,,173,85,,
Delaware,DE,District,Yes,,,,,Sussex Montessori School,Charter agency,1000063,9614,260,Monthly,11/1/20,11/30/20,Hybrid,,,,,,,,,174,84,,
Delaware,DE,District,Yes,,,,,Sussex Montessori School,Charter agency,1000063,9614,260,Monthly,12/1/20,12/31/20,Hybrid,,,,,,,,,210,48,,
Delaware,DE,District,Yes,,,,,Sussex Montessori School,Charter agency,1000063,9614,260,Monthly,1/1/21,1/31/21,Hybrid,,,,,,,,,209,48,,
Delaware,DE,District,Yes,,,,,Sussex Montessori School,Charter agency,1000063,9614,260,Monthly,2/1/21,2/28/21,Hybrid,,,,,,,,,208,47,,
Delaware,DE,District,Yes,,,,,Sussex Montessori School,Charter agency,1000063,9614,260,Monthly,3/1/21,3/31/21,Hybrid,,,,,,,,,211,44,,
Delaware,DE,District,Yes,,,,,Sussex Montessori School,Charter agency,1000063,9614,260,Monthly,4/1/21,4/30/21,Hybrid,,,,,,,,,220,32,,
Delaware,DE,District,Yes,,,,,Sussex Montessori School,Charter agency,1000063,9614,260,Monthly,5/1/21,5/31/21,Hybrid,,,,,,,,,215,34,,
Delaware,DE,District,Yes,,,,,Sussex Montessori School,Charter agency,1000063,9614,260,Monthly,6/1/21,6/30/21,Hybrid,,,,,,,,,218,33,,
Delaware,DE,District,No,,,,,Sussex Technical School District,Regular local school district,1001680,40,1239,Monthly,9/1/20,9/30/20,,,,,,,,,,,,,
Delaware,DE,District,No,,,,,Sussex Technical School District,Regular local school district,1001680,40,1239,Monthly,10/1/20,10/31/20,Virtual,,,,,,,,,,1252,,
Delaware,DE,District,No,,,,,Sussex Technical School District,Regular local school district,1001680,40,1239,Monthly,11/1/20,11/30/20,Virtual,,,,,,,,,,1250,,
Delaware,DE,District,No,,,,,Sussex Technical School District,Regular local school district,1001680,40,1239,Monthly,12/1/20,12/31/20,Virtual,,,,,,,,,,1242,,
Delaware,DE,District,No,,,,,Sussex Technical School District,Regular local school district,1001680,40,1239,Monthly,1/1/21,1/31/21,Virtual,,,,,,,,,,1237,,
Delaware,DE,District,No,,,,,Sussex Technical School District,Regular local school district,1001680,40,1239,Monthly,2/1/21,2/28/21,Hybrid,,,,,,,,,643,593,,
Delaware,DE,District,No,,,,,Sussex Technical School District,Regular local school district,1001680,40,1239,Monthly,3/1/21,3/31/21,Hybrid,,,,,,,,1,715,511,,
Delaware,DE,District,No,,,,,Sussex Technical School District,Regular local school district,1001680,40,1239,Monthly,4/1/21,4/30/21,Hybrid,,,,,,,,1,717,508,,
Delaware,DE,District,No,,,,,Sussex Technical School District,Regular local school district,1001680,40,1239,Monthly,5/1/21,5/31/21,Hybrid,,,,,,,,15,703,507,,
Delaware,DE,District,No,,,,,Sussex Technical School District,Regular local school district,1001680,40,1239,Monthly,6/1/21,6/30/21,Hybrid,,,,,,,,15,702,507,,
Delaware,DE,District,No,,,,,Woodbridge School District,Regular local school district,1001850,35,2478,Monthly,9/1/20,9/30/20,,,,,,,,,,1,2,,
Delaware,DE,District,No,,,,,Woodbridge School District,Regular local school district,1001850,35,2478,Monthly,10/1/20,10/31/20,Hybrid,,,,,,,,1,1513,1012,,
Delaware,DE,District,No,,,,,Woodbridge School District,Regular local school district,1001850,35,2478,Monthly,11/1/20,11/30/20,Hybrid,,,,,,,,23,1462,1026,,
Delaware,DE,District,No,,,,,Woodbridge School District,Regular local school district,1001850,35,2478,Monthly,12/1/20,12/31/20,Hybrid,,,,,,,,40,1415,1049,,
Delaware,DE,District,No,,,,,Woodbridge School District,Regular local school district,1001850,35,2478,Monthly,1/1/21,1/31/21,Hybrid,,,,,,,,43,1407,1056,,
Delaware,DE,District,No,,,,,Woodbridge School District,Regular local school district,1001850,35,2478,Monthly,2/1/21,2/28/21,Hybrid,,,,,,,,45,1439,861,,
Delaware,DE,District,No,,,,,Woodbridge School District,Regular local school district,1001850,35,2478,Monthly,3/1/21,3/31/21,Hybrid,,,,,,,,64,1657,800,,
Delaware,DE,District,No,,,,,Woodbridge School District,Regular local school district,1001850,35,2478,Monthly,4/1/21,4/30/21,Hybrid,,,,,,,,67,1704,746,,
Delaware,DE,District,No,,,,,Woodbridge School District,Regular local school district,1001850,35,2478,Monthly,5/1/21,5/31/21,Hybrid,,,,,,,,80,1679,744,,
Delaware,DE,District,No,,,,,Woodbridge School District,Regular local school district,1001850,35,2478,Monthly,6/1/21,6/30/21,Hybrid,,,,,,,,85,1687,738,,
